{"loss":{"0":0.1020525619,"1":0.0893290564,"2":0.0873570815,"3":0.0852768347,"4":0.0788005069,"5":0.0758510828,"6":0.0693817884,"7":0.0705929324,"8":0.0630682781,"9":0.0595423542,"10":0.0558491461,"11":0.0545190908,"12":0.0494304523,"13":0.0449298657,"14":0.0403624624,"15":0.0399512909,"16":0.0366190672,"17":0.0318136141,"18":0.0371672176,"19":0.0314727202,"20":0.0255592782,"21":0.0241602436,"22":0.020729769,"23":0.0220351443,"24":0.0196290668,"25":0.0183775146,"26":0.0184655096,"27":0.02410057,"28":0.019261362,"29":0.0206955373,"30":0.0261852611,"31":0.0179492831,"32":0.0150574511,"33":0.0131795108,"34":0.0126540093,"35":0.0127091575,"36":0.0231784098,"37":0.0163923595,"38":0.0125266435,"39":0.0129859718,"40":0.0137028219,"41":0.0123039708,"42":0.0108362855,"43":0.0107333614,"44":0.0137700718,"45":0.0250558909,"46":0.0205331016,"47":0.013399764,"48":0.0111071449,"49":0.0100586154,"50":0.0095103951,"51":0.0092659025,"52":0.0089540528,"53":0.0090686809,"54":0.0089252666,"55":0.0084507605,"56":0.0087581296,"57":0.0096047483,"58":0.0099493638,"59":0.0116844941,"60":0.0115769571,"61":0.0095676482,"62":0.0095297555,"63":0.0086129168,"64":0.010144325,"65":0.0087834243,"66":0.0082732663,"67":0.0081346557,"68":0.0192574672,"69":0.0203787908,"70":0.0111243753,"71":0.0108432099,"72":0.0104750842,"73":0.0086304415,"74":0.0146684684,"75":0.0147680286,"76":0.0105913635,"77":0.0091470005,"78":0.0082597723,"79":0.0076034218,"80":0.0072649904,"81":0.0070891934,"82":0.0068751951,"83":0.0068127643,"84":0.0071730446,"85":0.0068160468,"86":0.006716968,"87":0.0071258089,"88":0.0073337206,"89":0.0076187602,"90":0.0074378857,"91":0.0078092832,"92":0.0077837082,"93":0.0091412384,"94":0.04219006,"95":0.0211474113,"96":0.011938829,"97":0.0116351526,"98":0.0089241546,"99":0.0082273912},"dice":{"0":0.9532522559,"1":0.9562100172,"2":0.9564710855,"3":0.957742393,"4":0.95993644,"5":0.9608486891,"6":0.9642805457,"7":0.9633600116,"8":0.9667021036,"9":0.9693322182,"10":0.9706533551,"11":0.971046567,"12":0.9739376903,"13":0.9759837985,"14":0.9782497883,"15":0.9782673717,"16":0.9799012542,"17":0.98262012,"18":0.9798974991,"19":0.9828595519,"20":0.9855081439,"21":0.9864460826,"22":0.9883943796,"23":0.987768352,"24":0.9889734983,"25":0.9895890951,"26":0.9896114469,"27":0.9866589308,"28":0.9890879989,"29":0.9884068966,"30":0.9858547449,"31":0.989931047,"32":0.9914800525,"33":0.9924741387,"34":0.9927867651,"35":0.9927726984,"36":0.9873195887,"37":0.9907038808,"38":0.9927871823,"39":0.9927312732,"40":0.9921814203,"41":0.9929282069,"42":0.993740201,"43":0.9938473701,"44":0.9927188158,"45":0.9862700105,"46":0.9887353182,"47":0.9923893809,"48":0.9935980439,"49":0.9941774607,"50":0.9944913983,"51":0.9946109056,"52":0.9947862029,"53":0.9947309494,"54":0.994820714,"55":0.9950717092,"56":0.9949068427,"57":0.9944176674,"58":0.994284153,"59":0.9933982491,"60":0.9934826493,"61":0.9944667816,"62":0.9945040345,"63":0.9950301051,"64":0.9941732287,"65":0.9948983192,"66":0.9951842427,"67":0.9952510595,"68":0.9899920821,"69":0.9889259934,"70":0.9936617613,"71":0.9938440919,"72":0.9940363765,"73":0.994998157,"74":0.9919340611,"75":0.9917377234,"76":0.9939252138,"77":0.9947024584,"78":0.9951756597,"79":0.9955403805,"80":0.9957472086,"81":0.995822072,"82":0.995945096,"83":0.9959754348,"84":0.9957705736,"85":0.9959783554,"86":0.9960508943,"87":0.9958256483,"88":0.9957217574,"89":0.9955506921,"90":0.9956573844,"91":0.995472014,"92":0.9954741001,"93":0.9947908521,"94":0.9791014791,"95":0.988481462,"96":0.99318856,"97":0.9933358431,"98":0.9947975874,"99":0.99521029},"accuracy":{"0":0.9737785459,"1":0.9747598767,"2":0.9746880531,"3":0.9737249613,"4":0.9749638438,"5":0.9754166007,"6":0.9769902229,"7":0.9762147665,"8":0.9787487388,"9":0.9802644253,"10":0.9813167453,"11":0.9814451933,"12":0.9829915166,"13":0.9842584133,"14":0.9857734442,"15":0.985755682,"16":0.9867351055,"17":0.988361299,"18":0.986821115,"19":0.9885861874,"20":0.9903870821,"21":0.9909182787,"22":0.9922677875,"23":0.991774559,"24":0.9925640225,"25":0.9930281043,"26":0.9930353165,"27":0.991073966,"28":0.992628336,"29":0.9923188686,"30":0.990714848,"31":0.9932852983,"32":0.9942725897,"33":0.9949115515,"34":0.9951136708,"35":0.9951071739,"36":0.9914500117,"37":0.9938058257,"38":0.995149672,"39":0.9950464964,"40":0.9947380424,"41":0.9952225089,"42":0.9957368374,"43":0.9958122373,"44":0.9950911999,"45":0.990788579,"46":0.9925104976,"47":0.9948845506,"48":0.9956557751,"49":0.9960748553,"50":0.9962100387,"51":0.9963160753,"52":0.9964359403,"53":0.9963868856,"54":0.9964494109,"55":0.9966074228,"56":0.9965071082,"57":0.9961920381,"58":0.9960629344,"59":0.9955440164,"60":0.9956066608,"61":0.996224463,"62":0.9962641001,"63":0.9965977669,"64":0.9960385561,"65":0.9965079427,"66":0.9967163205,"67":0.9967300892,"68":0.9934868813,"69":0.9926535487,"70":0.9956820607,"71":0.9958302379,"72":0.995955348,"73":0.9965699911,"74":0.9944239855,"75":0.9945319891,"76":0.9958994985,"77":0.9963729382,"78":0.9967120886,"79":0.9969389439,"80":0.9970661402,"81":0.9971193075,"82":0.9971971512,"83":0.9972290397,"84":0.9970759153,"85":0.9972276688,"86":0.9972707033,"87":0.9971176386,"88":0.9970504045,"89":0.9969477654,"90":0.9970052242,"91":0.9968982339,"92":0.9968815446,"93":0.9964626431,"94":0.9849756956,"95":0.9925727248,"96":0.9954056144,"97":0.9954945445,"98":0.9964671135,"99":0.9967086911},"mean_io_u":{"0":0.259025991,"1":0.2524509132,"2":0.2511284053,"3":0.2529839873,"4":0.2578645945,"5":0.257419467,"6":0.2528604865,"7":0.2536122501,"8":0.2609752119,"9":0.2587004006,"10":0.2561510801,"11":0.2562886178,"12":0.2575621903,"13":0.2774977088,"14":0.2709249556,"15":0.2877169549,"16":0.2959459126,"17":0.3186695576,"18":0.2997676134,"19":0.3113948107,"20":0.3449065685,"21":0.344769001,"22":0.3558009267,"23":0.341927886,"24":0.3626575768,"25":0.3690215647,"26":0.3808902502,"27":0.3393578827,"28":0.3877809048,"29":0.3696674109,"30":0.3362896442,"31":0.378828764,"32":0.4113128781,"33":0.4656623304,"34":0.461114794,"35":0.4396429062,"36":0.363979429,"37":0.4270239174,"38":0.4830190539,"39":0.4850594699,"40":0.4923936725,"41":0.4983121455,"42":0.5160434246,"43":0.5370203257,"44":0.4984691739,"45":0.3769416511,"46":0.3839465976,"47":0.4598171115,"48":0.5295234919,"49":0.5628820062,"50":0.5773884058,"51":0.5674475431,"52":0.6047355533,"53":0.5659840107,"54":0.5594236255,"55":0.5659914017,"56":0.5929706097,"57":0.5681609511,"58":0.5626052618,"59":0.4953791499,"60":0.4877815843,"61":0.5658972263,"62":0.5587791204,"63":0.611882925,"64":0.5498898029,"65":0.6121512055,"66":0.6086485982,"67":0.6136914492,"68":0.4265964925,"69":0.4107440412,"70":0.5208083391,"71":0.5262875557,"72":0.5133280158,"73":0.5779910088,"74":0.5193929672,"75":0.4959692955,"76":0.5072430372,"77":0.5544034243,"78":0.6103996038,"79":0.6273020506,"80":0.6412410736,"81":0.6762537956,"82":0.681437552,"83":0.6757311821,"84":0.6291330457,"85":0.6551203728,"86":0.6429699659,"87":0.6206599474,"88":0.6234945655,"89":0.6294145584,"90":0.6200222969,"91":0.5540523529,"92":0.5770171285,"93":0.5446968079,"94":0.4020426869,"95":0.3887473345,"96":0.4898308516,"97":0.5048502088,"98":0.580689311,"99":0.6516863108}}